[
  {
    "Id": "1489188",
    "ThreadId": "659897",
    "Html": "Hello everyone:\r<br />\n<br />\n   I been working on this program which is a patient report for a hospital but i have a problem:\r<br />\ni have set boundaries using the &quot;\\xdb&quot; but when i let the user type the report in run time, the text exceeds the boundaries. so is there anyway how i can regulate the input string inside the boundaries.\r<br />\n<br />\nHere is the program:<br />\n<h1>include&lt;iostream.h&gt;</h1>\n<h1>include&lt;conio.h&gt;</h1>\n<h1>include&lt;stdlib.h&gt;</h1>\n<h1>include&lt;string.h&gt;</h1>\nvoid main()\r<br />\n{\r<br />\n clrscr();<br />\n<pre><code>char name[10],doctname[10],disease[10],des[200];\nint age,i;</code></pre>\n\n//---------------------------------------------------------------------------<br />\n<pre><code>for (i=0;i&lt;=40;i++)\n  {\n  gotoxy (10+i,2);\n  cout &lt;&lt;&quot;\\xdb&quot;;\n  gotoxy (10+i,6);\n  cout &lt;&lt;&quot;\\xdb&quot;;\n  gotoxy (10+i,24);\n  cout &lt;&lt;&quot;\\xdb&quot;;\n  }\n  for (i=0;i&lt;=22;i++)\n  {\n  gotoxy (10,2+i);\n  cout &lt;&lt;&quot;\\xdb&quot;;\n  gotoxy (50,2+i);\n  cout &lt;&lt;&quot;\\xdb&quot;;\n  }\n  gotoxy(11,3);\n  cout&lt;&lt;&quot;pat Name: &quot;;\n  gotoxy(11,5);\n  cout&lt;&lt;&quot;Disease: &quot;;\n  gotoxy(32,3);\n  cout&lt;&lt;&quot;Age: &quot;;\n  gotoxy(32,5);\n  cout&lt;&lt;&quot;Doctor: &quot;;\n  gotoxy(12,7);\n  cout&lt;&lt;&quot;Patient Report: &quot;;\n  gotoxy(35,22);\n  cout&lt;&lt;&quot;Sign&quot;;\n  gotoxy(40,22);\n  cout&lt;&lt;&quot;__________&quot;;</code></pre>\n\n//---------------------------------------------------------------------------<br />\n<pre><code>gotoxy(20,3);\ncin&gt;&gt;name;\ngotoxy(20,5);\ncin&gt;&gt;disease;\ngotoxy(38,3);\ncin&gt;&gt;age;\ngotoxy(39,5);\ncin&gt;&gt;doctname;</code></pre>\n\n//----------------------------------------------------------------------------\r<br />\n   gotoxy(11,8);\r<br />\n   cin&gt;&gt;des;   //for typing the report in run time\r<br />\n<br />\n<br />\n<br />\n<br />\ngetch();\r<br />\n} <br />\n",
    "PostedDate": "2016-12-03T07:04:49.033-08:00",
    "UserRole": null,
    "MarkedAsAnswerDate": null
  }
]