{
  "WorkItem": {
    "AffectedComponent": {
      "Name": "",
      "DisplayName": ""
    },
    "ClosedComment": "",
    "ClosedDate": null,
    "CommentCount": 2,
    "Custom": null,
    "Description": "\r\nON windows 7    \r\nError ' unable to open file IOSTREAM ' \r\nF1 help suggests SET FILES = 20 in config.sys \r\n\r\nwhere ??\r\n\r\nCheers ",
    "LastUpdatedDate": "2016-09-28T21:44:43.82-07:00",
    "PlannedForRelease": "",
    "ReleaseVisibleToPublic": false,
    "Priority": {
      "Name": "Unassigned",
      "Severity": 0,
      "Id": 0
    },
    "ProjectName": "turboc",
    "ReportedDate": "2016-07-12T08:37:21.27-07:00",
    "Status": {
      "Name": "Resolved",
      "Id": 7
    },
    "ReasonClosed": {
      "Name": "Unassigned"
    },
    "Summary": "include file IOSTREAM",
    "Type": {
      "Name": "Unassigned",
      "Id": 5
    },
    "VoteCount": 1,
    "Id": 15
  },
  "FileAttachments": [],
  "Comments": [
    {
      "Message": "\ncan you help with :\n\nON windows 7 \n Error ' unable to open file IOSTREAM ' \n F1 help suggests SET FILES = 20 in config.sys \n\n where ?? \n\n Cheers ",
      "PostedDate": "2016-07-12T08:38:48.55-07:00",
      "Id": 200564
    },
    {
      "Message": "Plz go through with this link https://turboc.codeplex.com/wikipage?title=%5berror%5d%20unable%20to%20open%20include%20file",
      "PostedDate": "2016-08-01T10:12:08.7-07:00",
      "Id": 200997
    }
  ]
}