{
  "WorkItem": {
    "AffectedComponent": {
      "Name": "",
      "DisplayName": ""
    },
    "ClosedComment": "Duplicate of this issues https://turboc.codeplex.com/workitem/6 ",
    "ClosedDate": "2016-09-28T21:41:44.813-07:00",
    "CommentCount": 2,
    "Custom": null,
    "Description": "please help me and guide me what to do. enter key is not working in windows 8.1\r\n",
    "LastUpdatedDate": "2016-09-28T21:41:44.813-07:00",
    "PlannedForRelease": "",
    "ReleaseVisibleToPublic": false,
    "Priority": {
      "Name": "Unassigned",
      "Severity": 0,
      "Id": 0
    },
    "ProjectName": "turboc",
    "ReportedDate": "2016-08-08T11:59:14.937-07:00",
    "Status": {
      "Name": "Closed",
      "Id": 4
    },
    "ReasonClosed": {
      "Name": "Duplicate"
    },
    "Summary": "enter key is not working in windows 8.1",
    "Type": {
      "Name": "Unassigned",
      "Id": 5
    },
    "VoteCount": 1,
    "Id": 20
  },
  "FileAttachments": [],
  "Comments": [
    {
      "Message": "please help me and guide me what to do. enter key is not working in windows 8.1",
      "PostedDate": "2016-08-08T12:02:19.33-07:00",
      "Id": 202966
    },
    {
      "Message": "please help me and guide me what to do. enter key is not working in windows 8.1",
      "PostedDate": "2016-08-08T12:03:10.28-07:00",
      "Id": 202967
    }
  ]
}