{
  "WorkItem": {
    "AffectedComponent": {
      "Name": "",
      "DisplayName": ""
    },
    "ClosedComment": "",
    "ClosedDate": null,
    "CommentCount": 1,
    "Custom": null,
    "Description": "please tell me the step or send me tutorial video",
    "LastUpdatedDate": "2016-01-11T21:34:05.887-08:00",
    "PlannedForRelease": "",
    "ReleaseVisibleToPublic": false,
    "Priority": {
      "Name": "Unassigned",
      "Severity": 0,
      "Id": 0
    },
    "ProjectName": "turboc",
    "ReportedDate": "2016-01-10T11:42:34.653-08:00",
    "Status": {
      "Name": "Proposed",
      "Id": 1
    },
    "ReasonClosed": {
      "Name": "Unassigned"
    },
    "Summary": "i am not able to open turboc++ in window 10",
    "Type": {
      "Name": "Unassigned",
      "Id": 5
    },
    "VoteCount": 1,
    "Id": 3
  },
  "FileAttachments": [],
  "Comments": [
    {
      "Message": "Please provide the more details about error. Details like - your system config and any error message which pop-ups by Turbo C++ or DosBox. ",
      "PostedDate": "2016-01-11T21:34:05.887-08:00",
      "Id": 195290
    }
  ]
}