{
  "WorkItem": {
    "AffectedComponent": {
      "Name": "",
      "DisplayName": ""
    },
    "ClosedComment": "Duplicate of this issues https://turboc.codeplex.com/workitem/6 ",
    "ClosedDate": "2016-09-28T21:47:05.827-07:00",
    "CommentCount": 0,
    "Custom": null,
    "Description": "My mouse is working with it but the keyboard is not. I have windows 10 in my laptop. Please give me advice to work it correctly.",
    "LastUpdatedDate": "2016-09-28T21:47:05.827-07:00",
    "PlannedForRelease": "",
    "ReleaseVisibleToPublic": false,
    "Priority": {
      "Name": "Unassigned",
      "Severity": 0,
      "Id": 0
    },
    "ProjectName": "turboc",
    "ReportedDate": "2016-05-05T09:40:33.553-07:00",
    "Status": {
      "Name": "Closed",
      "Id": 4
    },
    "ReasonClosed": {
      "Name": "Duplicate"
    },
    "Summary": "My mouse is working with it but the keyboard is not. I have windows 10 in my laptop. Please give me advice to work it correctly.",
    "Type": {
      "Name": "Unassigned",
      "Id": 5
    },
    "VoteCount": 1,
    "Id": 9
  },
  "FileAttachments": [],
  "Comments": []
}