{
  "WorkItem": {
    "AffectedComponent": {
      "Name": "",
      "DisplayName": ""
    },
    "ClosedComment": "",
    "ClosedDate": null,
    "CommentCount": 1,
    "Custom": null,
    "Description": "i installed turbo c++ but i cannot input double quotation or closing braces.changing keyboard did not help.",
    "LastUpdatedDate": "2016-09-28T21:50:24.523-07:00",
    "PlannedForRelease": "",
    "ReleaseVisibleToPublic": false,
    "Priority": {
      "Name": "Unassigned",
      "Severity": 0,
      "Id": 0
    },
    "ProjectName": "turboc",
    "ReportedDate": "2016-02-15T05:56:20.23-08:00",
    "Status": {
      "Name": "Proposed",
      "Id": 1
    },
    "ReasonClosed": {
      "Name": "Unassigned"
    },
    "Summary": "cannot use some keyboard keys in turbo c++",
    "Type": {
      "Name": "Unassigned",
      "Id": 5
    },
    "VoteCount": 2,
    "Id": 6
  },
  "FileAttachments": [],
  "Comments": [
    {
      "Message": "Please provide your system configuration and keyboard layout (physical + windows).",
      "PostedDate": "2016-09-28T21:37:17.38-07:00",
      "Id": 204402
    }
  ]
}