{
  "WorkItem": {
    "AffectedComponent": {
      "Name": "",
      "DisplayName": ""
    },
    "ClosedComment": "Duplicate of this issues https://turboc.codeplex.com/workitem/6 ",
    "ClosedDate": "2016-09-28T21:46:24.94-07:00",
    "CommentCount": 0,
    "Custom": null,
    "Description": "The key \" / \" stops when the program is in use for coding.",
    "LastUpdatedDate": "2016-09-28T21:46:24.94-07:00",
    "PlannedForRelease": "",
    "ReleaseVisibleToPublic": false,
    "Priority": {
      "Name": "Unassigned",
      "Severity": 0,
      "Id": 0
    },
    "ProjectName": "turboc",
    "ReportedDate": "2016-06-17T10:01:22.097-07:00",
    "Status": {
      "Name": "Closed",
      "Id": 4
    },
    "ReasonClosed": {
      "Name": "Duplicate"
    },
    "Summary": "Problems with use keys of the keyboard when code",
    "Type": {
      "Name": "Unassigned",
      "Id": 5
    },
    "VoteCount": 2,
    "Id": 13
  },
  "FileAttachments": [],
  "Comments": []
}