[
  {
    "Id": 1,
    "Title": "Unable to open include file...."
  },
  {
    "Id": 2,
    "Title": "Help using Scanf function to calculate average of 3 numbers"
  },
  {
    "Id": 3,
    "Title": "i am not able to open turboc++ in window 10"
  },
  {
    "Id": 4,
    "Title": "Mouse issue"
  },
  {
    "Id": 5,
    "Title": "<iostream> or <iostream.h>"
  },
  {
    "Id": 6,
    "Title": "cannot use some keyboard keys in turbo c++"
  },
  {
    "Id": 7,
    "Title": "Mouse malfunctioning after first run"
  },
  {
    "Id": 8,
    "Title": "my keyboard is not working with the software"
  },
  {
    "Id": 9,
    "Title": "My mouse is working with it but the keyboard is not. I have windows 10 in my laptop. Please give me advice to work it correctly."
  },
  {
    "Id": 10,
    "Title": "can't able to install turbo c ++"
  },
  {
    "Id": 11,
    "Title": "when i am opening the turbo c++ downloaded file ,the error messege shown is \"\"This program does not have program associated with it to perform this action \"\" please help me ...thanks!!"
  },
  {
    "Id": 12,
    "Title": "turbo c++ issue"
  },
  {
    "Id": 13,
    "Title": "Problems with use keys of the keyboard when code"
  },
  {
    "Id": 14,
    "Title": "keyboard shorcut not working"
  },
  {
    "Id": 15,
    "Title": "include file IOSTREAM"
  },
  {
    "Id": 16,
    "Title": "how to include window.h file in turbo c++3.0"
  },
  {
    "Id": 17,
    "Title": "Crashing in full screen mode in windows 10"
  },
  {
    "Id": 18,
    "Title": "Turbo C++ Crashing in Windows 10"
  },
  {
    "Id": 19,
    "Title": "keys are not working"
  },
  {
    "Id": 20,
    "Title": "enter key is not working in windows 8.1"
  },
  {
    "Id": 21,
    "Title": "Unable to select anything after first run"
  },
  {
    "Id": 22,
    "Title": "keys not working"
  },
  {
    "Id": 23,
    "Title": "Green Screen in Windowed Mode"
  },
  {
    "Id": 24,
    "Title": "Problem of typing program in turbo c++"
  },
  {
    "Id": 25,
    "Title": "I am not able to run the program"
  },
  {
    "Id": 26,
    "Title": "Hanging of background"
  },
  {
    "Id": 27,
    "Title": "Taking too long to open"
  },
  {
    "Id": 28,
    "Title": "Turbo C++ crashing on my windows 7 64bit"
  },
  {
    "Id": 29,
    "Title": "TURBOC++ not opening up all of a sudden"
  },
  {
    "Id": 30,
    "Title": "Unable to define STRING data type"
  },
  {
    "Id": 31,
    "Title": "KEYS"
  },
  {
    "Id": 32,
    "Title": "MOUSE DOSN'T WORK"
  },
  {
    "Id": 33,
    "Title": "the program starts to hang"
  },
  {
    "Id": 34,
    "Title": "Topic search doesn't work"
  },
  {
    "Id": 35,
    "Title": "Ambiguous output"
  },
  {
    "Id": 36,
    "Title": "KEYBOARD ISSUE"
  },
  {
    "Id": 37,
    "Title": "Should Microsoft .NET Framework be installed on Windows XP machine to run Turbo C++ 3.2?"
  },
  {
    "Id": 38,
    "Title": "keyboard keys problem"
  },
  {
    "Id": 39,
    "Title": "KEYBOARD BUG"
  },
  {
    "Id": 40,
    "Title": "ERROR "
  },
  {
    "Id": 41,
    "Title": "Can't handle files that much..."
  },
  {
    "Id": 42,
    "Title": "the program doesn't compile at all"
  },
  {
    "Id": 43,
    "Title": "Cant save a new project file in my computer"
  },
  {
    "Id": 44,
    "Title": "Turbo C++ Keyboard issue"
  },
  {
    "Id": 45,
    "Title": "KEYBOARD is not working! "
  },
  {
    "Id": 46,
    "Title": "File handling is not possible in Windows 10"
  },
  {
    "Id": 47,
    "Title": "Issue"
  }
]