{
  "WorkItem": {
    "AffectedComponent": {
      "Name": "",
      "DisplayName": ""
    },
    "ClosedComment": "",
    "ClosedDate": null,
    "CommentCount": 0,
    "Custom": null,
    "Description": "the background of the software stops responding to any action of computer or wont respond to any input like (accessing the tool bar having options (compile, run , etc) ) this is clearly done after  THREE CONSECUTIVE execution of the program typed.\r\nonly Keyboard is recognised",
    "LastUpdatedDate": "2016-11-20T09:08:47.79-08:00",
    "PlannedForRelease": "",
    "ReleaseVisibleToPublic": false,
    "Priority": {
      "Name": "Unassigned",
      "Severity": 0,
      "Id": 0
    },
    "ProjectName": "turboc",
    "ReportedDate": "2016-11-20T09:08:47.79-08:00",
    "Status": {
      "Name": "Proposed",
      "Id": 1
    },
    "ReasonClosed": {
      "Name": "Unassigned"
    },
    "Summary": "Hanging of background",
    "Type": {
      "Name": "Unassigned",
      "Id": 5
    },
    "VoteCount": 1,
    "Id": 26
  },
  "FileAttachments": [],
  "Comments": []
}