{
  "WorkItem": {
    "AffectedComponent": {
      "Name": "",
      "DisplayName": ""
    },
    "ClosedComment": "",
    "ClosedDate": null,
    "CommentCount": 0,
    "Custom": null,
    "Description": "Had been using it on Windows 8 for a few days, but now am not being able to open it. Am not being able to figure out what the problem is, please suggest a solution. Installing and reinstalling hasn't helped.",
    "LastUpdatedDate": "2017-01-02T07:23:19.06-08:00",
    "PlannedForRelease": "",
    "ReleaseVisibleToPublic": false,
    "Priority": {
      "Name": "Unassigned",
      "Severity": 0,
      "Id": 0
    },
    "ProjectName": "turboc",
    "ReportedDate": "2017-01-02T07:23:19.06-08:00",
    "Status": {
      "Name": "Proposed",
      "Id": 1
    },
    "ReasonClosed": {
      "Name": "Unassigned"
    },
    "Summary": "TURBOC++ not opening up all of a sudden",
    "Type": {
      "Name": "Unassigned",
      "Id": 5
    },
    "VoteCount": 1,
    "Id": 29
  },
  "FileAttachments": [],
  "Comments": []
}