{
  "WorkItem": {
    "AffectedComponent": {
      "Name": "",
      "DisplayName": ""
    },
    "ClosedComment": "",
    "ClosedDate": null,
    "CommentCount": 0,
    "Custom": null,
    "Description": "I've typed the program but when i clicked alt+F9 it doesn't compile at all.  If  I  give the command also its  shows-- TYPE IN SEARCH BOX...\r\n   pls rectihy this issue or atleast give us the instructions hw to compile n get the output.\r\n",
    "LastUpdatedDate": "2017-03-19T02:15:23.287-07:00",
    "PlannedForRelease": "",
    "ReleaseVisibleToPublic": false,
    "Priority": {
      "Name": "Unassigned",
      "Severity": 0,
      "Id": 0
    },
    "ProjectName": "turboc",
    "ReportedDate": "2017-03-19T02:15:23.13-07:00",
    "Status": {
      "Name": "Proposed",
      "Id": 1
    },
    "ReasonClosed": {
      "Name": "Unassigned"
    },
    "Summary": "the program doesn't compile at all",
    "Type": {
      "Name": "Unassigned",
      "Id": 5
    },
    "VoteCount": 1,
    "Id": 42
  },
  "FileAttachments": [
    {
      "FileId": 1646873,
      "FileName": "compile.png",
      "DownloadUrl": ".\\1646873"
    }
  ],
  "Comments": []
}