{
  "WorkItem": {
    "AffectedComponent": {
      "Name": "",
      "DisplayName": ""
    },
    "ClosedComment": "",
    "ClosedDate": null,
    "CommentCount": 1,
    "Custom": null,
    "Description": "when i am opening the turbo c++ downloaded file ,the error messege shown is \"\"This program does not have program associated with it to perform this action \"\" please help me ...thanks!!",
    "LastUpdatedDate": "2016-08-01T10:09:08.537-07:00",
    "PlannedForRelease": "",
    "ReleaseVisibleToPublic": false,
    "Priority": {
      "Name": "Unassigned",
      "Severity": 0,
      "Id": 0
    },
    "ProjectName": "turboc",
    "ReportedDate": "2016-05-14T11:30:00.937-07:00",
    "Status": {
      "Name": "Proposed",
      "Id": 1
    },
    "ReasonClosed": {
      "Name": "Unassigned"
    },
    "Summary": "when i am opening the turbo c++ downloaded file ,the error messege shown is \"\"This program does not have program associated with it to perform this action \"\" please help me ...thanks!!",
    "Type": {
      "Name": "Unassigned",
      "Id": 5
    },
    "VoteCount": 1,
    "Id": 11
  },
  "FileAttachments": [],
  "Comments": [
    {
      "Message": "Please uninstall all the other version of Turbo C/C++ and try to install Turbo C++ from here",
      "PostedDate": "2016-08-01T10:09:08.537-07:00",
      "Id": 200995
    }
  ]
}