{
  "WorkItem": {
    "AffectedComponent": {
      "Name": "",
      "DisplayName": ""
    },
    "ClosedComment": "",
    "ClosedDate": null,
    "CommentCount": 0,
    "Custom": null,
    "Description": "After a while into typing the program, the keyboard and mouse stop functioning on both my laptop and desktop. Please fix this bug.",
    "LastUpdatedDate": "2017-10-22T09:06:47.297-07:00",
    "PlannedForRelease": "",
    "ReleaseVisibleToPublic": false,
    "Priority": {
      "Name": "Unassigned",
      "Severity": 0,
      "Id": 0
    },
    "ProjectName": "turboc",
    "ReportedDate": "2017-02-22T02:23:13.657-08:00",
    "Status": {
      "Name": "Proposed",
      "Id": 1
    },
    "ReasonClosed": {
      "Name": "Unassigned"
    },
    "Summary": "KEYBOARD BUG",
    "Type": {
      "Name": "Unassigned",
      "Id": 5
    },
    "VoteCount": 4,
    "Id": 39
  },
  "FileAttachments": [],
  "Comments": []
}