{
  "WorkItem": {
    "AffectedComponent": {
      "Name": "",
      "DisplayName": ""
    },
    "ClosedComment": "",
    "ClosedDate": null,
    "CommentCount": 1,
    "Custom": null,
    "Description": "i have installed it but its not working when i click on the start turbo c++ button",
    "LastUpdatedDate": "2016-08-01T10:10:31.243-07:00",
    "PlannedForRelease": "",
    "ReleaseVisibleToPublic": false,
    "Priority": {
      "Name": "Unassigned",
      "Severity": 0,
      "Id": 0
    },
    "ProjectName": "turboc",
    "ReportedDate": "2016-06-15T02:01:59.243-07:00",
    "Status": {
      "Name": "Proposed",
      "Id": 1
    },
    "ReasonClosed": {
      "Name": "Unassigned"
    },
    "Summary": "turbo c++ issue",
    "Type": {
      "Name": "Unassigned",
      "Id": 5
    },
    "VoteCount": 1,
    "Id": 12
  },
  "FileAttachments": [
    {
      "FileId": 1581751,
      "FileName": "Download.jpg",
      "DownloadUrl": ".\\1581751"
    }
  ],
  "Comments": [
    {
      "Message": "Please provide the more details about your system configuration or send the system info report by using following commands.\n\n1. Open cmd\n2. Run command systeminfo > systeminfo.txt\n3. Find the systeminfo.txt in same path, which showing by your cmd\n\nAfter generating system report please attach report. Then, I'm able to help you.",
      "PostedDate": "2016-08-01T10:10:31.243-07:00",
      "Id": 200996
    }
  ]
}