{
  "WorkItem": {
    "AffectedComponent": {
      "Name": "",
      "DisplayName": ""
    },
    "ClosedComment": "",
    "ClosedDate": null,
    "CommentCount": 0,
    "Custom": null,
    "Description": "What is the solution. when laptop keyboard is not functioning in turbo C++ 3.2 version.\r\nIn every programe keyboard is working great but. in turbo C++ not even a single keyword is working.\r\n",
    "LastUpdatedDate": "2017-11-08T11:11:29.417-08:00",
    "PlannedForRelease": "",
    "ReleaseVisibleToPublic": false,
    "Priority": {
      "Name": "Unassigned",
      "Severity": 0,
      "Id": 0
    },
    "ProjectName": "turboc",
    "ReportedDate": "2017-04-30T20:43:24.623-07:00",
    "Status": {
      "Name": "Proposed",
      "Id": 1
    },
    "ReasonClosed": {
      "Name": "Unassigned"
    },
    "Summary": "Issue",
    "Type": {
      "Name": "Unassigned",
      "Id": 5
    },
    "VoteCount": 5,
    "Id": 47
  },
  "FileAttachments": [],
  "Comments": []
}