[
  {
    "Id": "0",
    "Name": "Turbo C++ 3.2 (Updated)",
    "DevelopmentStatus": "Stable",
    "Description": "# New Windows 10 UI\n# Open and Create new project and source file from main interface\n# Open precompiled 16-bit exe file\n# turbocpp: is default URI Schema\n# Random Topics Links\n# Added direct open source code from web. Check it now here [url:https://turboc.codeplex.com/wikipage?title=examples]\n# Added reminder for today live example\n# Now you can set Turbo C++ as default for .c, .cpp and .prj file\n# Full-screen and window mode (Alt+Enter to toggle between mode)\n# CTRL+F9 shortcut fix\n# Keep startup UI open to save file automatically\n# Added GA to improve user experiences \n# Bug fixes\n\n[Image:https://ga-beacon.appspot.com/UA-83723395-1/release-page-page]",
    "ReleasedDatge": "0001-01-01T00:00:00",
    "ModifiedDate": "2017-05-06T10:14:25.6-07:00",
    "Files": [
      {
        "Id": "bb0ba8c6-6f87-4ac8-9a2e-2c630e12058f",
        "FileName": "Turbo C++ 3.2.zip",
        "Url": "./0/bb0ba8c6-6f87-4ac8-9a2e-2c630e12058f",
        "Type": "Application",
        "UploadDate": "2016-09-24T10:38:58.07-07:00"
      }
    ]
  },
  {
    "Id": "1",
    "Name": "Study Materials",
    "DevelopmentStatus": "Stable",
    "Description": "Download Programming, Networking, Security, Computer Science, Hardware, Certification, Telecommunications ebook free of cost. Download Programming e-book downloader  - \n! [url:https://programmingbooks.codeplex.com/]",
    "ReleasedDatge": "0001-01-01T00:00:00",
    "ModifiedDate": "2016-09-01T10:26:04.613-07:00",
    "Files": [
      {
        "Id": "d5721915-2f04-4d2a-8122-27e8376386c6",
        "FileName": "nasa-c-style.pdf",
        "Url": "./1/d5721915-2f04-4d2a-8122-27e8376386c6",
        "Type": "Documentation",
        "UploadDate": "2015-12-04T02:15:54.923-08:00"
      },
      {
        "Id": "efa1cbf9-9d7b-435b-94f2-5016aad62fc8",
        "FileName": "C The Complete Reference 4th Ed Herbert Schildt[www.fullfreedownload.in].pdf",
        "Url": "./1/efa1cbf9-9d7b-435b-94f2-5016aad62fc8",
        "Type": "Documentation",
        "UploadDate": "2015-12-04T04:39:05.783-08:00"
      },
      {
        "Id": "7d9e186d-9740-4fea-9213-298dd5db58b0",
        "FileName": "C++Complete Reference (3rd Ed.).pdf",
        "Url": "./1/7d9e186d-9740-4fea-9213-298dd5db58b0",
        "Type": "Documentation",
        "UploadDate": "2015-12-04T04:48:55.847-08:00"
      }
    ]
  },
  {
    "Id": "2",
    "Name": "Turbo C++ 3.2",
    "DevelopmentStatus": "Stable",
    "Description": "# New Windows 10 UI\n# Open and Create new project and source file from main interface\n# turbocpp: is default URI Schema\n# Added direct open source code from web. Check it now here [url:https://turboc.codeplex.com/wikipage?title=examples]\n# Added reminder for today live example\n# Now you can set Turbo C++ as default for .c, .cpp and .prj file\n# Full-screen and window mode (Alt+Enter to toggle between mode)\n# CTRL+F9 shortcut fix\n# Keep startup UI open to save file automatically\n# Added GA to improve user experiences \n# Bug fixes\n\n[Image:https://ga-beacon.appspot.com/UA-83723395-1/release-page-page]",
    "ReleasedDatge": "0001-01-01T00:00:00",
    "ModifiedDate": "2016-09-05T23:31:44.103-07:00",
    "Files": [
      {
        "Id": "6cdffaba-2039-4e34-b51a-f1b1ccef0e30",
        "FileName": "Turbo C++ 3.2.2.0.zip",
        "Url": "./2/6cdffaba-2039-4e34-b51a-f1b1ccef0e30",
        "Type": "Application",
        "UploadDate": "2015-09-25T19:39:21.773-07:00"
      }
    ]
  },
  {
    "Id": "3",
    "Name": "Turbo C++ 3.0",
    "DevelopmentStatus": "Stable",
    "Description": "# New Windows 10 UI\n# Open and Create new project and source file from main interface\n# Full-screen and window mode (Alt+Enter to toggle between mode)\n# CTRL+F9 shortcut fix\n# Keep startup UI open to save file automatically\n# Added GA to improve user experiences \n# Bug fixes",
    "ReleasedDatge": "0001-01-01T00:00:00",
    "ModifiedDate": "2015-09-20T12:30:52.04-07:00",
    "Files": [
      {
        "Id": "da897d51-4479-4f46-bad3-1828a97bc28a",
        "FileName": "Turbo C++ 3.0.zip",
        "Url": "./3/da897d51-4479-4f46-bad3-1828a97bc28a",
        "Type": "Application",
        "UploadDate": "2015-09-20T12:30:51.557-07:00"
      }
    ]
  }
]