[
  {
    "Title": "Home",
    "Id": "1910056",
    "ParentWikiTitle": "Home",
    "FileExtension": "html",
    "UpdatedDate": "2017-11-25T02:34:07.8-08:00",
    "FileAttachments": [
      {
        "Id": "ccd3053a-f748-4ddf-ab4c-7be951f8fd9c",
        "FileName": "facebook-group-icon.jpg",
        "DownloadUri": "./1910056/ccd3053a-f748-4ddf-ab4c-7be951f8fd9c"
      },
      {
        "Id": "01889a95-8654-4101-b688-29bfff28da73",
        "FileName": "English-get-it-from-MS_InvariantCulture_Default.png",
        "DownloadUri": "./1910056/01889a95-8654-4101-b688-29bfff28da73"
      },
      {
        "Id": "0641296c-7404-4b6f-95f7-28ec63957594",
        "FileName": "codeplex-logo_2.jpg",
        "DownloadUri": "./1910056/0641296c-7404-4b6f-95f7-28ec63957594"
      },
      {
        "Id": "e169df1b-e219-4f13-9a7c-2a39854c3ef6",
        "FileName": "ourcommunity.jpg",
        "DownloadUri": "./1910056/e169df1b-e219-4f13-9a7c-2a39854c3ef6"
      },
      {
        "Id": "981c4acc-7405-4448-b053-7f53dee52a74",
        "FileName": "cai_logo-1.gif",
        "DownloadUri": "./1910056/981c4acc-7405-4448-b053-7f53dee52a74"
      },
      {
        "Id": "991c66fe-b947-424a-af52-e87bd8320eca",
        "FileName": "5dd5fdf97fe0232b388be5c31e07dcb9.jpg",
        "DownloadUri": "./1910056/991c66fe-b947-424a-af52-e87bd8320eca"
      },
      {
        "Id": "b8d3938d-35ff-45f3-94ed-20f1e60720fa",
        "FileName": "2016-09-24_23-11-10.png",
        "DownloadUri": "./1910056/b8d3938d-35ff-45f3-94ed-20f1e60720fa"
      }
    ]
  },
  {
    "Title": "Documentation",
    "Id": "1910055",
    "ParentWikiTitle": "Documentation",
    "FileExtension": "html",
    "UpdatedDate": "2017-11-25T02:33:36.273-08:00",
    "FileAttachments": []
  },
  {
    "Title": "C Language Tutorials",
    "Id": "1910054",
    "ParentWikiTitle": "Documentation",
    "FileExtension": "html",
    "UpdatedDate": "2017-11-25T01:04:42.857-08:00",
    "FileAttachments": []
  },
  {
    "Title": "Q&A",
    "Id": "1910053",
    "ParentWikiTitle": "Documentation",
    "FileExtension": "html",
    "UpdatedDate": "2017-11-25T01:03:37.04-08:00",
    "FileAttachments": []
  },
  {
    "Title": "Basic C Programmes",
    "Id": "1909306",
    "ParentWikiTitle": "Examples",
    "FileExtension": "html",
    "UpdatedDate": "2017-10-03T21:45:26.263-07:00",
    "FileAttachments": []
  },
  {
    "Title": "Program of the day",
    "Id": "1909305",
    "ParentWikiTitle": "Documentation",
    "FileExtension": "html",
    "UpdatedDate": "2017-10-03T21:36:15.63-07:00",
    "FileAttachments": [
      {
        "Id": "d9cc3a4b-7693-4aad-8618-dcb9913d83d6",
        "FileName": "250915.C",
        "DownloadUri": "./1909305/d9cc3a4b-7693-4aad-8618-dcb9913d83d6"
      },
      {
        "Id": "0754a72d-b798-414e-9d0b-866c8c80caa2",
        "FileName": "280915.C",
        "DownloadUri": "./1909305/0754a72d-b798-414e-9d0b-866c8c80caa2"
      },
      {
        "Id": "0fa93ffa-852f-4c9e-8402-183ba564e356",
        "FileName": "290915.c",
        "DownloadUri": "./1909305/0fa93ffa-852f-4c9e-8402-183ba564e356"
      },
      {
        "Id": "27146585-ab87-4b1b-846b-4dd1449b5a0b",
        "FileName": "300915.c",
        "DownloadUri": "./1909305/27146585-ab87-4b1b-846b-4dd1449b5a0b"
      },
      {
        "Id": "41fa4eaf-9caa-44d7-801f-df36f7d2b6ab",
        "FileName": "011015.c",
        "DownloadUri": "./1909305/41fa4eaf-9caa-44d7-801f-df36f7d2b6ab"
      },
      {
        "Id": "d42a6324-7a50-4586-8d77-da260f67c9de",
        "FileName": "021015.C",
        "DownloadUri": "./1909305/d42a6324-7a50-4586-8d77-da260f67c9de"
      },
      {
        "Id": "b6bcf10a-c37c-4087-b6d0-eb07a50119ce",
        "FileName": "051015.C",
        "DownloadUri": "./1909305/b6bcf10a-c37c-4087-b6d0-eb07a50119ce"
      },
      {
        "Id": "beb3c280-53e2-4609-9eff-79d9fcbada0a",
        "FileName": "061015.c",
        "DownloadUri": "./1909305/beb3c280-53e2-4609-9eff-79d9fcbada0a"
      },
      {
        "Id": "d8dc0da4-2105-4ca8-bd1a-e70a05e4b992",
        "FileName": "071015.c",
        "DownloadUri": "./1909305/d8dc0da4-2105-4ca8-bd1a-e70a05e4b992"
      },
      {
        "Id": "9480644a-51d3-49b7-b2ff-0d0522b38fa6",
        "FileName": "081015.c",
        "DownloadUri": "./1909305/9480644a-51d3-49b7-b2ff-0d0522b38fa6"
      },
      {
        "Id": "f6b07716-1cb8-4c14-a98f-8cb2e74b6c00",
        "FileName": "091015.c",
        "DownloadUri": "./1909305/f6b07716-1cb8-4c14-a98f-8cb2e74b6c00"
      },
      {
        "Id": "6fd21941-017a-430c-8935-e93716bd4f2f",
        "FileName": "121015.c",
        "DownloadUri": "./1909305/6fd21941-017a-430c-8935-e93716bd4f2f"
      },
      {
        "Id": "78c0df41-6696-43a5-b9ff-a7546be9b73f",
        "FileName": "141015.c",
        "DownloadUri": "./1909305/78c0df41-6696-43a5-b9ff-a7546be9b73f"
      },
      {
        "Id": "85bddc77-c1c2-441e-8955-acad02f0b946",
        "FileName": "151015.c",
        "DownloadUri": "./1909305/85bddc77-c1c2-441e-8955-acad02f0b946"
      },
      {
        "Id": "12b0f622-bff6-4185-b8a1-5dd621963314",
        "FileName": "161015.c",
        "DownloadUri": "./1909305/12b0f622-bff6-4185-b8a1-5dd621963314"
      },
      {
        "Id": "d8665284-50cc-427b-8c81-f8a662e76773",
        "FileName": "191015.c",
        "DownloadUri": "./1909305/d8665284-50cc-427b-8c81-f8a662e76773"
      },
      {
        "Id": "e9eea7a9-29d1-440d-b6cf-cbbfef27eb49",
        "FileName": "201015.c",
        "DownloadUri": "./1909305/e9eea7a9-29d1-440d-b6cf-cbbfef27eb49"
      },
      {
        "Id": "1aa2c871-db14-436c-8579-10eb7fe99a77",
        "FileName": "210115.c",
        "DownloadUri": "./1909305/1aa2c871-db14-436c-8579-10eb7fe99a77"
      },
      {
        "Id": "067cec77-7e04-4710-bd47-d34d3025dd38",
        "FileName": "210115.c",
        "DownloadUri": "./1909305/067cec77-7e04-4710-bd47-d34d3025dd38"
      },
      {
        "Id": "4b047e52-22c4-4916-b57d-80e918f5dedf",
        "FileName": "221015.c",
        "DownloadUri": "./1909305/4b047e52-22c4-4916-b57d-80e918f5dedf"
      },
      {
        "Id": "87f02bf7-73cb-4f6a-94ed-d6cde62639c7",
        "FileName": "231015.c",
        "DownloadUri": "./1909305/87f02bf7-73cb-4f6a-94ed-d6cde62639c7"
      },
      {
        "Id": "65bd633b-a6ed-43ff-bd11-fdf5a6ade936",
        "FileName": "261015.C",
        "DownloadUri": "./1909305/65bd633b-a6ed-43ff-bd11-fdf5a6ade936"
      },
      {
        "Id": "efcfda13-32fe-4d8b-9629-87b040191fff",
        "FileName": "271015.C",
        "DownloadUri": "./1909305/efcfda13-32fe-4d8b-9629-87b040191fff"
      },
      {
        "Id": "674e39fa-5a12-4755-8d7a-0d5809417ca7",
        "FileName": "291015.c",
        "DownloadUri": "./1909305/674e39fa-5a12-4755-8d7a-0d5809417ca7"
      },
      {
        "Id": "31b9c4ff-33fa-486a-8a0f-83c5495f4ef3",
        "FileName": "301015.c",
        "DownloadUri": "./1909305/31b9c4ff-33fa-486a-8a0f-83c5495f4ef3"
      },
      {
        "Id": "9ab6e812-fadd-499b-93e5-a6fc8630bb80",
        "FileName": "CBS.C",
        "DownloadUri": "./1909305/9ab6e812-fadd-499b-93e5-a6fc8630bb80"
      },
      {
        "Id": "a638a15a-6dbc-4e6a-9211-b3fe5a23efcd",
        "FileName": "021115.c",
        "DownloadUri": "./1909305/a638a15a-6dbc-4e6a-9211-b3fe5a23efcd"
      },
      {
        "Id": "e45af6a4-dec2-469d-a610-cc07ff5a5d47",
        "FileName": "161115.c",
        "DownloadUri": "./1909305/e45af6a4-dec2-469d-a610-cc07ff5a5d47"
      },
      {
        "Id": "2d4bff5a-3012-460c-b89f-a17ad7e52810",
        "FileName": "171115.c",
        "DownloadUri": "./1909305/2d4bff5a-3012-460c-b89f-a17ad7e52810"
      },
      {
        "Id": "63bec9eb-004c-436b-a5c9-92efb1f718e9",
        "FileName": "181115.c",
        "DownloadUri": "./1909305/63bec9eb-004c-436b-a5c9-92efb1f718e9"
      },
      {
        "Id": "87005d0d-3faa-41b8-b06b-b0ca1d52f6d2",
        "FileName": "191115.c",
        "DownloadUri": "./1909305/87005d0d-3faa-41b8-b06b-b0ca1d52f6d2"
      },
      {
        "Id": "1ca08a2d-00c9-4449-b86a-4df4081f05b6",
        "FileName": "201115.c",
        "DownloadUri": "./1909305/1ca08a2d-00c9-4449-b86a-4df4081f05b6"
      },
      {
        "Id": "2a4b5762-40a1-4811-89e3-8c19ad12010f",
        "FileName": "231115.c",
        "DownloadUri": "./1909305/2a4b5762-40a1-4811-89e3-8c19ad12010f"
      },
      {
        "Id": "8a406515-0a5d-4d58-b9a8-f03d40ca7cab",
        "FileName": "241115.c",
        "DownloadUri": "./1909305/8a406515-0a5d-4d58-b9a8-f03d40ca7cab"
      },
      {
        "Id": "7943a0fc-5d0a-4c9f-a114-f03d0580976b",
        "FileName": "251115.C",
        "DownloadUri": "./1909305/7943a0fc-5d0a-4c9f-a114-f03d0580976b"
      },
      {
        "Id": "02610aed-5185-4154-8781-94f8c41189d3",
        "FileName": "271115.C",
        "DownloadUri": "./1909305/02610aed-5185-4154-8781-94f8c41189d3"
      },
      {
        "Id": "3ac93053-9c20-4009-bff0-848044c2d587",
        "FileName": "011215.C",
        "DownloadUri": "./1909305/3ac93053-9c20-4009-bff0-848044c2d587"
      },
      {
        "Id": "fdd3bd25-a07d-4277-9951-54520387257c",
        "FileName": "021215.c",
        "DownloadUri": "./1909305/fdd3bd25-a07d-4277-9951-54520387257c"
      },
      {
        "Id": "4a5519c9-a681-48e2-bd34-ef4edadf7563",
        "FileName": "031215.c",
        "DownloadUri": "./1909305/4a5519c9-a681-48e2-bd34-ef4edadf7563"
      },
      {
        "Id": "0b264e59-9974-4438-8aff-09df07d0dc01",
        "FileName": "071215.c",
        "DownloadUri": "./1909305/0b264e59-9974-4438-8aff-09df07d0dc01"
      },
      {
        "Id": "17eae57f-8301-4687-9a1f-916860cc9530",
        "FileName": "081215.c",
        "DownloadUri": "./1909305/17eae57f-8301-4687-9a1f-916860cc9530"
      },
      {
        "Id": "0f5ade09-ecc8-4f21-b61e-6b8bb4dee803",
        "FileName": "111215.c",
        "DownloadUri": "./1909305/0f5ade09-ecc8-4f21-b61e-6b8bb4dee803"
      },
      {
        "Id": "b7743a79-75c7-4b75-a821-ae145baf9c34",
        "FileName": "161215.c",
        "DownloadUri": "./1909305/b7743a79-75c7-4b75-a821-ae145baf9c34"
      }
    ]
  },
  {
    "Title": "Graphics Project",
    "Id": "1908690",
    "ParentWikiTitle": "Examples",
    "FileExtension": "html",
    "UpdatedDate": "2017-08-31T11:02:08.597-07:00",
    "FileAttachments": [
      {
        "Id": "082a4d30-00da-4671-a597-438c125733f7",
        "FileName": "COUNTD.C",
        "DownloadUri": "./1908690/082a4d30-00da-4671-a597-438c125733f7"
      },
      {
        "Id": "a73872c5-98ca-49fa-853f-3df424ce9852",
        "FileName": "MCAR.C",
        "DownloadUri": "./1908690/a73872c5-98ca-49fa-853f-3df424ce9852"
      }
    ]
  },
  {
    "Title": "Projects",
    "Id": "1908689",
    "ParentWikiTitle": "Examples",
    "FileExtension": "html",
    "UpdatedDate": "2017-08-31T11:01:21.39-07:00",
    "FileAttachments": []
  },
  {
    "Title": "SIMPLE-HP",
    "Id": "1908688",
    "ParentWikiTitle": "C Language Program Collection [submitted by Hari Poudyal]",
    "FileExtension": "html",
    "UpdatedDate": "2017-08-31T11:00:33.763-07:00",
    "FileAttachments": [
      {
        "Id": "0964b263-8124-4dd4-93c5-ca4038d71be5",
        "FileName": "SPL1HP.c",
        "DownloadUri": "./1908688/0964b263-8124-4dd4-93c5-ca4038d71be5"
      },
      {
        "Id": "2d383961-02df-49b6-b9a6-0478f458bc69",
        "FileName": "SPL2HP.c",
        "DownloadUri": "./1908688/2d383961-02df-49b6-b9a6-0478f458bc69"
      },
      {
        "Id": "de1aea46-f5b3-4d23-bd76-b2fba75fa992",
        "FileName": "SPL3HP.c",
        "DownloadUri": "./1908688/de1aea46-f5b3-4d23-bd76-b2fba75fa992"
      }
    ]
  },
  {
    "Title": "WCA4",
    "Id": "1908687",
    "ParentWikiTitle": "Wipro C Language Programming Assignment",
    "FileExtension": "html",
    "UpdatedDate": "2017-08-31T10:59:34.483-07:00",
    "FileAttachments": []
  },
  {
    "Title": "WCA3",
    "Id": "1908686",
    "ParentWikiTitle": "Wipro C Language Programming Assignment",
    "FileExtension": "html",
    "UpdatedDate": "2017-08-31T10:59:03.767-07:00",
    "FileAttachments": []
  },
  {
    "Title": "WCA2",
    "Id": "1908685",
    "ParentWikiTitle": "Wipro C Language Programming Assignment",
    "FileExtension": "html",
    "UpdatedDate": "2017-08-31T10:58:36.39-07:00",
    "FileAttachments": []
  },
  {
    "Title": "WCA1",
    "Id": "1908684",
    "ParentWikiTitle": "Wipro C Language Programming Assignment",
    "FileExtension": "html",
    "UpdatedDate": "2017-08-31T10:58:06.64-07:00",
    "FileAttachments": []
  },
  {
    "Title": "231115",
    "Id": "1908682",
    "ParentWikiTitle": "Program of the day",
    "FileExtension": "html",
    "UpdatedDate": "2017-08-31T10:55:29.16-07:00",
    "FileAttachments": []
  },
  {
    "Title": "241115",
    "Id": "1908681",
    "ParentWikiTitle": "Program of the day",
    "FileExtension": "html",
    "UpdatedDate": "2017-08-31T10:54:42.513-07:00",
    "FileAttachments": []
  },
  {
    "Title": "251115",
    "Id": "1908680",
    "ParentWikiTitle": "Program of the day",
    "FileExtension": "html",
    "UpdatedDate": "2017-08-31T10:54:21.737-07:00",
    "FileAttachments": []
  },
  {
    "Title": "271115",
    "Id": "1908679",
    "ParentWikiTitle": "Program of the day",
    "FileExtension": "html",
    "UpdatedDate": "2017-08-31T10:53:59.803-07:00",
    "FileAttachments": []
  },
  {
    "Title": "021215",
    "Id": "1908678",
    "ParentWikiTitle": "Program of the day",
    "FileExtension": "html",
    "UpdatedDate": "2017-08-31T10:53:36.573-07:00",
    "FileAttachments": []
  },
  {
    "Title": "031215",
    "Id": "1908677",
    "ParentWikiTitle": "Program of the day",
    "FileExtension": "html",
    "UpdatedDate": "2017-08-31T10:52:56.887-07:00",
    "FileAttachments": []
  },
  {
    "Title": "071215",
    "Id": "1908676",
    "ParentWikiTitle": "Program of the day",
    "FileExtension": "html",
    "UpdatedDate": "2017-08-31T10:52:09.633-07:00",
    "FileAttachments": []
  },
  {
    "Title": "081215",
    "Id": "1908675",
    "ParentWikiTitle": "Program of the day",
    "FileExtension": "html",
    "UpdatedDate": "2017-08-31T10:51:33.27-07:00",
    "FileAttachments": []
  },
  {
    "Title": "111215",
    "Id": "1908674",
    "ParentWikiTitle": "Program of the day",
    "FileExtension": "html",
    "UpdatedDate": "2017-08-31T10:50:23.15-07:00",
    "FileAttachments": []
  },
  {
    "Title": "161215",
    "Id": "1908673",
    "ParentWikiTitle": "Program of the day",
    "FileExtension": "html",
    "UpdatedDate": "2017-08-31T10:40:41.237-07:00",
    "FileAttachments": []
  },
  {
    "Title": "Turbo CPP Shortcuts",
    "Id": "1881503",
    "ParentWikiTitle": "Documentation",
    "FileExtension": "html",
    "UpdatedDate": "2016-09-05T23:33:04.123-07:00",
    "FileAttachments": []
  },
  {
    "Title": "Common Turbo C++ Issues Solution",
    "Id": "1881502",
    "ParentWikiTitle": "Documentation",
    "FileExtension": "html",
    "UpdatedDate": "2016-09-05T23:29:50.437-07:00",
    "FileAttachments": []
  },
  {
    "Title": "Examples",
    "Id": "1881500",
    "ParentWikiTitle": "Documentation",
    "FileExtension": "html",
    "UpdatedDate": "2016-09-05T23:28:36.523-07:00",
    "FileAttachments": [
      {
        "Id": "d7477576-d08d-4f14-8e16-6f4834641ec1",
        "FileName": "HELLOC.C",
        "DownloadUri": "./1881500/d7477576-d08d-4f14-8e16-6f4834641ec1"
      },
      {
        "Id": "4f7b480c-f99c-48b7-a8c2-37c1d4ac2782",
        "FileName": "INTEGER.C",
        "DownloadUri": "./1881500/4f7b480c-f99c-48b7-a8c2-37c1d4ac2782"
      },
      {
        "Id": "7a1f214d-45c4-40f5-9168-bd9dedd37730",
        "FileName": "ADDITION.C",
        "DownloadUri": "./1881500/7a1f214d-45c4-40f5-9168-bd9dedd37730"
      },
      {
        "Id": "7400159b-4028-4079-97e9-66eade804e09",
        "FileName": "TTS.C",
        "DownloadUri": "./1881500/7400159b-4028-4079-97e9-66eade804e09"
      },
      {
        "Id": "470ffd4a-4134-4ccc-993f-8440853cf1d3",
        "FileName": "PMBG.C",
        "DownloadUri": "./1881500/470ffd4a-4134-4ccc-993f-8440853cf1d3"
      },
      {
        "Id": "07412d3c-0cd9-40d7-8164-dd82854c0a0d",
        "FileName": "SFA.C",
        "DownloadUri": "./1881500/07412d3c-0cd9-40d7-8164-dd82854c0a0d"
      }
    ]
  },
  {
    "Title": "CPP Tutorials ",
    "Id": "1881497",
    "ParentWikiTitle": "Documentation",
    "FileExtension": "html",
    "UpdatedDate": "2016-09-05T23:27:11.393-07:00",
    "FileAttachments": []
  },
  {
    "Title": "C Language Style Guide",
    "Id": "1881495",
    "ParentWikiTitle": "C Language Tutorials",
    "FileExtension": "html",
    "UpdatedDate": "2016-09-05T23:26:23.05-07:00",
    "FileAttachments": []
  },
  {
    "Title": "Random Topic in C/C++",
    "Id": "1847987",
    "ParentWikiTitle": "Documentation",
    "FileExtension": "html",
    "UpdatedDate": "2015-12-21T23:59:49.953-08:00",
    "FileAttachments": []
  },
  {
    "Title": "Lists the precedence and associativity of all the operators in the C and C++ languages.",
    "Id": "1847986",
    "ParentWikiTitle": "Random Topic in C/C++",
    "FileExtension": "html",
    "UpdatedDate": "2015-12-21T23:59:16.077-08:00",
    "FileAttachments": []
  },
  {
    "Title": "All About Digraphs, Trigraphs and Token",
    "Id": "1847971",
    "ParentWikiTitle": "Random Topic in C/C++",
    "FileExtension": "html",
    "UpdatedDate": "2015-12-21T23:20:46.147-08:00",
    "FileAttachments": []
  },
  {
    "Title": "What does the C ??!??! operator do?",
    "Id": "1847465",
    "ParentWikiTitle": "Q&A",
    "FileExtension": "html",
    "UpdatedDate": "2015-12-17T02:46:04.6-08:00",
    "FileAttachments": []
  },
  {
    "Title": "Why in C language is it the case that a[5] == 5[a]?",
    "Id": "1847460",
    "ParentWikiTitle": "Q&A",
    "FileExtension": "html",
    "UpdatedDate": "2015-12-17T02:08:22.173-08:00",
    "FileAttachments": []
  },
  {
    "Title": "Why isn't sizeof for a struct equal to the sum of sizeof of each member?",
    "Id": "1846845",
    "ParentWikiTitle": "Q&A",
    "FileExtension": "html",
    "UpdatedDate": "2015-12-12T09:30:59.363-08:00",
    "FileAttachments": []
  },
  {
    "Title": "Why is one loop so much slower than two loops?",
    "Id": "1846841",
    "ParentWikiTitle": "Q&A",
    "FileExtension": "html",
    "UpdatedDate": "2015-12-12T09:00:57.393-08:00",
    "FileAttachments": [
      {
        "Id": "b4392369-fed6-43ff-bf25-d2bb20691c82",
        "FileName": "ElCGL.png",
        "DownloadUri": "./1846841/b4392369-fed6-43ff-bf25-d2bb20691c82"
      },
      {
        "Id": "d57e727d-4fbb-4587-895a-212424d984e0",
        "FileName": "QMpwj.png",
        "DownloadUri": "./1846841/d57e727d-4fbb-4587-895a-212424d984e0"
      },
      {
        "Id": "e90d7a8c-8295-4d0d-8731-ba4ebb5d16b3",
        "FileName": "NpyhG.png",
        "DownloadUri": "./1846841/e90d7a8c-8295-4d0d-8731-ba4ebb5d16b3"
      }
    ]
  },
  {
    "Title": "Why is processing a sorted array faster than an unsorted array?",
    "Id": "1846831",
    "ParentWikiTitle": "Q&A",
    "FileExtension": "html",
    "UpdatedDate": "2015-12-12T08:24:24.173-08:00",
    "FileAttachments": []
  },
  {
    "Title": "What is the difference between include <filename> and include “filename”?",
    "Id": "1846688",
    "ParentWikiTitle": "Q&A",
    "FileExtension": "html",
    "UpdatedDate": "2015-12-11T05:20:53.08-08:00",
    "FileAttachments": []
  },
  {
    "Title": "What are the differences between a pointer variable and a reference variable in C++?",
    "Id": "1846584",
    "ParentWikiTitle": "Q&A",
    "FileExtension": "html",
    "UpdatedDate": "2015-12-10T05:39:56.513-08:00",
    "FileAttachments": []
  },
  {
    "Title": "What is the name of the “-->” operator?",
    "Id": "1846551",
    "ParentWikiTitle": "Q&A",
    "FileExtension": "html",
    "UpdatedDate": "2015-12-10T03:21:39.777-08:00",
    "FileAttachments": []
  },
  {
    "Title": "Our Community",
    "Id": "1845930",
    "ParentWikiTitle": "Documentation",
    "FileExtension": "html",
    "UpdatedDate": "2015-12-04T04:05:51.427-08:00",
    "FileAttachments": []
  },
  {
    "Title": "C Language Program Collection [submitted by Hari Poudyal]",
    "Id": "1845898",
    "ParentWikiTitle": "Examples",
    "FileExtension": "html",
    "UpdatedDate": "2015-12-03T23:59:16.347-08:00",
    "FileAttachments": []
  },
  {
    "Title": "ControlStructure-HP",
    "Id": "1845897",
    "ParentWikiTitle": "C Language Program Collection [submitted by Hari Poudyal]",
    "FileExtension": "html",
    "UpdatedDate": "2015-12-03T23:58:01.11-08:00",
    "FileAttachments": []
  },
  {
    "Title": "C Programming Interview Question 4",
    "Id": "1845563",
    "ParentWikiTitle": "C Language Tutorials",
    "FileExtension": "html",
    "UpdatedDate": "2015-12-01T08:57:05.123-08:00",
    "FileAttachments": [
      {
        "Id": "cee9e4c3-0bb4-42ad-a069-e5e4b63ea963",
        "FileName": "precedance.jpeg",
        "DownloadUri": "./1845563/cee9e4c3-0bb4-42ad-a069-e5e4b63ea963"
      },
      {
        "Id": "bbb9818d-9ded-44e6-8746-252816d48503",
        "FileName": "sc.jpeg",
        "DownloadUri": "./1845563/bbb9818d-9ded-44e6-8746-252816d48503"
      },
      {
        "Id": "b1ac808a-b866-42f7-b093-1c2fb931f10e",
        "FileName": "Concept5.jpeg",
        "DownloadUri": "./1845563/b1ac808a-b866-42f7-b093-1c2fb931f10e"
      }
    ]
  },
  {
    "Title": "C Programming Interview Question Part 3",
    "Id": "1845561",
    "ParentWikiTitle": "C Language Tutorials",
    "FileExtension": "html",
    "UpdatedDate": "2015-12-01T08:41:30.067-08:00",
    "FileAttachments": []
  },
  {
    "Title": "C Programming Interview Question 2",
    "Id": "1845560",
    "ParentWikiTitle": "C Language Tutorials",
    "FileExtension": "html",
    "UpdatedDate": "2015-12-01T08:40:59.163-08:00",
    "FileAttachments": [
      {
        "Id": "9548c9d8-50a4-44c7-8589-0fa9c2e548fe",
        "FileName": "24.jpeg",
        "DownloadUri": "./1845560/9548c9d8-50a4-44c7-8589-0fa9c2e548fe"
      }
    ]
  },
  {
    "Title": "C Programming Interview Question 1",
    "Id": "1845551",
    "ParentWikiTitle": "C Language Tutorials",
    "FileExtension": "html",
    "UpdatedDate": "2015-12-01T08:11:55.917-08:00",
    "FileAttachments": [
      {
        "Id": "85765866-bd0d-4ce3-b550-f69708128f4e",
        "FileName": "Concept8.jpeg",
        "DownloadUri": "./1845551/85765866-bd0d-4ce3-b550-f69708128f4e"
      },
      {
        "Id": "1fe97873-dfec-4748-a019-751dac70e025",
        "FileName": "Concept9.jpeg",
        "DownloadUri": "./1845551/1fe97873-dfec-4748-a019-751dac70e025"
      }
    ]
  },
  {
    "Title": "Wipro C Language Programming Assignment",
    "Id": "1845086",
    "ParentWikiTitle": "Examples",
    "FileExtension": "html",
    "UpdatedDate": "2015-11-27T05:20:02.787-08:00",
    "FileAttachments": [
      {
        "Id": "e5e578a4-7817-4d46-b7e4-4ecc3030d41f",
        "FileName": "WCA1.C",
        "DownloadUri": "./1845086/e5e578a4-7817-4d46-b7e4-4ecc3030d41f"
      },
      {
        "Id": "f7fdeae6-794e-429a-a3ee-1317cc61d020",
        "FileName": "WCA2.C",
        "DownloadUri": "./1845086/f7fdeae6-794e-429a-a3ee-1317cc61d020"
      },
      {
        "Id": "ff757f54-73fd-4e74-8870-18d5fb77fb1b",
        "FileName": "WCA3.C",
        "DownloadUri": "./1845086/ff757f54-73fd-4e74-8870-18d5fb77fb1b"
      },
      {
        "Id": "d238dee1-e314-4fa9-85d3-11524a77c2b6",
        "FileName": "WCA4.C",
        "DownloadUri": "./1845086/d238dee1-e314-4fa9-85d3-11524a77c2b6"
      }
    ]
  },
  {
    "Title": " ArraysCPP",
    "Id": "1844103",
    "ParentWikiTitle": "CPP Tutorials ",
    "FileExtension": "html",
    "UpdatedDate": "2015-11-21T10:52:48.02-08:00",
    "FileAttachments": []
  },
  {
    "Title": "Namespaces",
    "Id": "1844102",
    "ParentWikiTitle": "CPP Tutorials ",
    "FileExtension": "html",
    "UpdatedDate": "2015-11-21T10:45:25.807-08:00",
    "FileAttachments": []
  },
  {
    "Title": "[error] unable to open include file",
    "Id": "1842236",
    "ParentWikiTitle": "Documentation",
    "FileExtension": "html",
    "UpdatedDate": "2015-11-05T11:28:52.617-08:00",
    "FileAttachments": [
      {
        "Id": "70aa735b-ffd9-4c4a-a713-e9ac979709f5",
        "FileName": "12186809_10206844718589280_5987991602471002773_o.jpg",
        "DownloadUri": "./1842236/70aa735b-ffd9-4c4a-a713-e9ac979709f5"
      },
      {
        "Id": "624321d0-50f6-4b7d-8ed3-cce6f2b648f2",
        "FileName": "capture-20150920-151017.png",
        "DownloadUri": "./1842236/624321d0-50f6-4b7d-8ed3-cce6f2b648f2"
      },
      {
        "Id": "dcd08e8c-78cb-452c-9f46-4c4e26a76c47",
        "FileName": "capture-20150920-151115.png",
        "DownloadUri": "./1842236/dcd08e8c-78cb-452c-9f46-4c4e26a76c47"
      }
    ]
  },
  {
    "Title": "Mathematical Programs",
    "Id": "1836899",
    "ParentWikiTitle": "Examples",
    "FileExtension": "html",
    "UpdatedDate": "2015-09-25T10:30:53.26-07:00",
    "FileAttachments": []
  },
  {
    "Title": "Enums",
    "Id": "1836236",
    "ParentWikiTitle": "CPP Tutorials ",
    "FileExtension": "html",
    "UpdatedDate": "2015-09-21T10:18:18.18-07:00",
    "FileAttachments": []
  },
  {
    "Title": "Preprocessor",
    "Id": "1836235",
    "ParentWikiTitle": "CPP Tutorials ",
    "FileExtension": "html",
    "UpdatedDate": "2015-09-21T10:17:55.537-07:00",
    "FileAttachments": []
  },
  {
    "Title": "ModulusOperator",
    "Id": "1836234",
    "ParentWikiTitle": "CPP Tutorials ",
    "FileExtension": "html",
    "UpdatedDate": "2015-09-21T10:17:04.333-07:00",
    "FileAttachments": []
  },
  {
    "Title": "FormattingCoutOutput",
    "Id": "1836233",
    "ParentWikiTitle": "CPP Tutorials ",
    "FileExtension": "html",
    "UpdatedDate": "2015-09-21T10:16:34.787-07:00",
    "FileAttachments": []
  },
  {
    "Title": "RandomValues",
    "Id": "1836232",
    "ParentWikiTitle": "CPP Tutorials ",
    "FileExtension": "html",
    "UpdatedDate": "2015-09-21T10:16:11.097-07:00",
    "FileAttachments": []
  },
  {
    "Title": "TemplateSpecialization",
    "Id": "1836231",
    "ParentWikiTitle": "CPP Tutorials ",
    "FileExtension": "html",
    "UpdatedDate": "2015-09-21T10:14:44.957-07:00",
    "FileAttachments": []
  },
  {
    "Title": "TemplatedFunctions",
    "Id": "1836230",
    "ParentWikiTitle": "CPP Tutorials ",
    "FileExtension": "html",
    "UpdatedDate": "2015-09-21T10:14:24.503-07:00",
    "FileAttachments": []
  },
  {
    "Title": "TemplatesAndTemplateClasses",
    "Id": "1836229",
    "ParentWikiTitle": "CPP Tutorials ",
    "FileExtension": "html",
    "UpdatedDate": "2015-09-21T10:13:32.033-07:00",
    "FileAttachments": []
  },
  {
    "Title": "UnderstandingInitializationLists",
    "Id": "1836228",
    "ParentWikiTitle": "CPP Tutorials ",
    "FileExtension": "html",
    "UpdatedDate": "2015-09-21T10:13:11.563-07:00",
    "FileAttachments": []
  },
  {
    "Title": "ClassDesign",
    "Id": "1836227",
    "ParentWikiTitle": "CPP Tutorials ",
    "FileExtension": "html",
    "UpdatedDate": "2015-09-21T10:13:02.767-07:00",
    "FileAttachments": []
  },
  {
    "Title": " CPPInheritanceSyntax",
    "Id": "1836226",
    "ParentWikiTitle": "CPP Tutorials ",
    "FileExtension": "html",
    "UpdatedDate": "2015-09-21T10:12:45.03-07:00",
    "FileAttachments": []
  },
  {
    "Title": "InheritanceInCPP",
    "Id": "1836225",
    "ParentWikiTitle": "CPP Tutorials ",
    "FileExtension": "html",
    "UpdatedDate": "2015-09-21T10:12:14.077-07:00",
    "FileAttachments": []
  },
  {
    "Title": "CommandLineArgumentsCPP",
    "Id": "1836224",
    "ParentWikiTitle": "CPP Tutorials ",
    "FileExtension": "html",
    "UpdatedDate": "2015-09-21T10:09:30.01-07:00",
    "FileAttachments": []
  },
  {
    "Title": "InlineFunctionsCPP",
    "Id": "1836223",
    "ParentWikiTitle": "CPP Tutorials ",
    "FileExtension": "html",
    "UpdatedDate": "2015-09-21T10:08:54.29-07:00",
    "FileAttachments": []
  },
  {
    "Title": "IntroductionToClasses",
    "Id": "1836222",
    "ParentWikiTitle": "CPP Tutorials ",
    "FileExtension": "html",
    "UpdatedDate": "2015-09-21T10:08:49.837-07:00",
    "FileAttachments": []
  },
  {
    "Title": "TypecastingCPP",
    "Id": "1836221",
    "ParentWikiTitle": "CPP Tutorials ",
    "FileExtension": "html",
    "UpdatedDate": "2015-09-21T10:07:55.367-07:00",
    "FileAttachments": []
  },
  {
    "Title": "CPPFileIO",
    "Id": "1836220",
    "ParentWikiTitle": "CPP Tutorials ",
    "FileExtension": "html",
    "UpdatedDate": "2015-09-21T10:07:32.883-07:00",
    "FileAttachments": []
  },
  {
    "Title": "CPPStrings",
    "Id": "1836219",
    "ParentWikiTitle": "CPP Tutorials ",
    "FileExtension": "html",
    "UpdatedDate": "2015-09-21T10:06:47.147-07:00",
    "FileAttachments": []
  },
  {
    "Title": "StructuresCPP",
    "Id": "1836217",
    "ParentWikiTitle": "CPP Tutorials ",
    "FileExtension": "html",
    "UpdatedDate": "2015-09-21T10:05:42.083-07:00",
    "FileAttachments": []
  },
  {
    "Title": "PointersCPP",
    "Id": "1836216",
    "ParentWikiTitle": "CPP Tutorials ",
    "FileExtension": "html",
    "UpdatedDate": "2015-09-21T10:05:15.363-07:00",
    "FileAttachments": []
  },
  {
    "Title": "SwitchCaseCPP",
    "Id": "1836215",
    "ParentWikiTitle": "CPP Tutorials ",
    "FileExtension": "html",
    "UpdatedDate": "2015-09-21T10:03:22.91-07:00",
    "FileAttachments": []
  },
  {
    "Title": "FunctionsCPP",
    "Id": "1836214",
    "ParentWikiTitle": "CPP Tutorials ",
    "FileExtension": "html",
    "UpdatedDate": "2015-09-21T10:03:01.253-07:00",
    "FileAttachments": []
  },
  {
    "Title": "LoopsCPP",
    "Id": "1836213",
    "ParentWikiTitle": "CPP Tutorials ",
    "FileExtension": "html",
    "UpdatedDate": "2015-09-21T10:02:33.11-07:00",
    "FileAttachments": []
  },
  {
    "Title": "CPPIfStatements",
    "Id": "1836212",
    "ParentWikiTitle": "CPP Tutorials ",
    "FileExtension": "html",
    "UpdatedDate": "2015-09-21T10:02:14.813-07:00",
    "FileAttachments": []
  },
  {
    "Title": "IntroToCPP",
    "Id": "1836211",
    "ParentWikiTitle": "CPP Tutorials ",
    "FileExtension": "html",
    "UpdatedDate": "2015-09-21T10:01:53.127-07:00",
    "FileAttachments": []
  },
  {
    "Title": "LinkedLists",
    "Id": "1836210",
    "ParentWikiTitle": "C Language Tutorials",
    "FileExtension": "html",
    "UpdatedDate": "2015-09-21T09:57:28.9-07:00",
    "FileAttachments": []
  },
  {
    "Title": "Recursion",
    "Id": "1836209",
    "ParentWikiTitle": "C Language Tutorials",
    "FileExtension": "html",
    "UpdatedDate": "2015-09-21T09:56:30.773-07:00",
    "FileAttachments": []
  },
  {
    "Title": "VariableArgumentLists",
    "Id": "1836208",
    "ParentWikiTitle": "C Language Tutorials",
    "FileExtension": "html",
    "UpdatedDate": "2015-09-21T09:55:59.353-07:00",
    "FileAttachments": []
  },
  {
    "Title": "CommandLineArguments",
    "Id": "1836207",
    "ParentWikiTitle": "C Language Tutorials",
    "FileExtension": "html",
    "UpdatedDate": "2015-09-21T09:54:59.85-07:00",
    "FileAttachments": []
  },
  {
    "Title": "Typecasting",
    "Id": "1836206",
    "ParentWikiTitle": "C Language Tutorials",
    "FileExtension": "html",
    "UpdatedDate": "2015-09-21T09:53:44.913-07:00",
    "FileAttachments": []
  },
  {
    "Title": "Structures",
    "Id": "1836205",
    "ParentWikiTitle": "C Language Tutorials",
    "FileExtension": "html",
    "UpdatedDate": "2015-09-21T09:53:16.88-07:00",
    "FileAttachments": []
  },
  {
    "Title": "CStrings",
    "Id": "1836204",
    "ParentWikiTitle": "C Language Tutorials",
    "FileExtension": "html",
    "UpdatedDate": "2015-09-21T09:52:26.067-07:00",
    "FileAttachments": []
  },
  {
    "Title": "CFileIO",
    "Id": "1836203",
    "ParentWikiTitle": "C Language Tutorials",
    "FileExtension": "html",
    "UpdatedDate": "2015-09-21T09:52:20.863-07:00",
    "FileAttachments": []
  },
  {
    "Title": "Arrays",
    "Id": "1836202",
    "ParentWikiTitle": "C Language Tutorials",
    "FileExtension": "html",
    "UpdatedDate": "2015-09-21T09:49:28.53-07:00",
    "FileAttachments": []
  },
  {
    "Title": "Pointers",
    "Id": "1836201",
    "ParentWikiTitle": "C Language Tutorials",
    "FileExtension": "html",
    "UpdatedDate": "2015-09-21T09:48:21.967-07:00",
    "FileAttachments": []
  },
  {
    "Title": "SwitchCase",
    "Id": "1836199",
    "ParentWikiTitle": "C Language Tutorials",
    "FileExtension": "html",
    "UpdatedDate": "2015-09-21T09:44:59.963-07:00",
    "FileAttachments": []
  },
  {
    "Title": "LoopsInC",
    "Id": "1836198",
    "ParentWikiTitle": "C Language Tutorials",
    "FileExtension": "html",
    "UpdatedDate": "2015-09-21T09:44:31.43-07:00",
    "FileAttachments": []
  },
  {
    "Title": "FunctionsAndProgramOrganization",
    "Id": "1836197",
    "ParentWikiTitle": "C Language Tutorials",
    "FileExtension": "html",
    "UpdatedDate": "2015-09-21T09:44:02.337-07:00",
    "FileAttachments": []
  },
  {
    "Title": "IntroToC",
    "Id": "1836195",
    "ParentWikiTitle": "C Language Tutorials",
    "FileExtension": "html",
    "UpdatedDate": "2015-09-21T09:38:58.657-07:00",
    "FileAttachments": []
  },
  {
    "Title": "IfStatementsInC",
    "Id": "1836194",
    "ParentWikiTitle": "C Language Tutorials",
    "FileExtension": "html",
    "UpdatedDate": "2015-09-21T09:38:44.643-07:00",
    "FileAttachments": []
  },
  {
    "Title": "shortcuts",
    "Id": "1835009",
    "ParentWikiTitle": "Home",
    "FileExtension": "html",
    "UpdatedDate": "2015-09-13T11:08:45.983-07:00",
    "FileAttachments": []
  }
]
